id	subtask_b
1114191994727825408	non
1041019774556356609	non
1079326722489753600	trg
1078280278152499200	non
1139650753444876288	non
1113220125526822913	non
1072568376214589440	trg
1002207836414324737	non
1176818763058094082	non
1162737570507370498	non
1160894594785206272	non
1153552731782746112	non
1037188664445612038	non
1117616526436253701	non
1031582572239880192	non
980423532537622531	non
1134382949053452289	non
1158426823585345536	non
1169636990364639232	non
1034497078133772290	prof
1035241968731746304	non
1048860940626747392	non
1116587553576996864	trg
1116655980559908864	non
989860412521963520	non
1116811211251822594	non
1025051191250771969	non
979037728145731584	non
1025102721861525505	non
1172478581697630209	trg
1099172021706153984	non
1140028528966152199	non
1005891318906871808	non
1101483850474180609	non
987024553191845888	non
1162492448205148160	non
1144817470538227713	trg
1171914446278709249	non
1071429510652936192	non
1159587567370670081	non
1071418802561273857	non
1089204378169495557	non
1169818282829864960	non
982517737418346496	non
1115910231484190721	non
1166584847617466368	trg
1156599190241386496	non
1169303718350790656	non
1042881842821701633	non
1144977764396740609	non
988673450511347712	non
1005812158649675777	non
988314686285283328	non
984288315687014403	prof
979847662940950531	non
1034661900020150274	trg
1027668155504750594	prof
1037203692318089217	prof
1148286316590829568	non
994489563648315392	non
1145552361173266432	non
1008841602641596416	trg
1157973254604279810	non
1003261414507720704	non
1161643300371218432	non
1133007751175712768	non
1161891529746800640	non
1165321685832216580	non
1119273888972705792	non
1034371892126343168	trg
1168776379237900288	non
1067872153394192384	non
1167874769229729793	non
1140879522813882368	non
1075403491865214976	non
1121871723194933250	non
1171039714880774144	non
1105122675587010560	non
1054971825015402496	trg
995281865044000768	trg
1143938588817723397	non
1080558138649202688	prof
1070635152211095554	non
1140566504930328581	non
1053500188508282881	non
988019573483098112	non
998431440781135872	non
991118497769033729	non
1171407825563738115	non
1045006432138137601	oth
1097921073931268098	non
1112700740508794880	oth
1097956241865871366	non
1173107303219957760	non
1088155738684510208	non
1162467273103294464	non
1110846544339763201	prof
1027928034769285120	non
1147949532614942721	non
1051518927224926208	non
1083306041943748608	non
1162135472971440129	non
1137650927471607808	trg
1157527167028420608	prof
1126401374697283584	non
1077317992831172608	non
1113447326524297217	trg
1125698984033628160	non
997898977180815361	non
1076787667122176001	non
1171832583249965057	non
1161265061186457600	non
1104452683157647361	non
1034480731022663680	trg
1044917145619111936	non
1145218495602409473	non
1157706880300589058	non
1149256317837729792	trg
1016290655851745280	trg
1089582302429089792	non
977481107649318917	non
1047236561467842562	non
1025244824134275073	non
975745405618147328	non
1119537334423363585	non
1090964320274534400	prof
1056669069737422854	non
1056932733212073985	non
1077502643801604096	non
1159504915879931904	non
1001946204740177920	non
1176174689833619458	non
1016713298723639296	non
1134488925966413824	non
1112018358604423168	non
1051857181396664320	non
980749958637936640	non
1161729847401635840	non
1003441938585055232	non
1034354814472384513	non
1046680443037384705	non
1134981055658807296	non
1112485802620174337	oth
1024304613380575232	non
987087185089302528	oth
1001954681151770624	non
973569114777243648	trg
1167427741031043072	non
985977759942967297	non
1174135964647788544	non
1094043392584097803	prof
1122108057616572416	non
1119168485483892736	non
1059133051249278977	non
1158742398496890881	non
1091854651538980864	non
978281781949497350	non
1099956238484492289	non
1058011211521056772	trg
1166695912212762624	non
1131136429852110855	non
983129312646914049	non
1034796080309911552	non
1151781040421253120	trg
1161057267954999296	prof
992050489071230987	non
990872652742053888	non
1165617743477035009	non
1154058971336065024	non
1178712280755773440	non
1160242850560450561	non
1148148988920717312	trg
1167210695634640897	non
1052063428624437248	non
1094557411346649088	non
1098213368832446466	non
1161994419127685121	non
1140995367632289792	non
1173228666253381639	non
1142472768933519360	non
1116800584143732736	non
1171898249453678592	non
984188450189520896	non
1051595353005465606	non
1004797801971273735	non
1048283469971972096	non
1003744653856923648	non
1087848947278888960	oth
1151068701287993344	non
975746374368153601	non
994890158976786432	non
1152187709940785152	non
1162052412447830018	non
1019647642572394498	non
1023696320383598593	non
1117843802440519681	trg
1031798578254176256	non
1005228780632371202	non
1123670141013831682	non
1081997921674035205	non
1029774124040835073	prof
1133072208715292672	trg
1097733857456078849	non
1021117111098277888	non
1148845771065909249	non
1017765170678988801	non
1114283750492397570	non
1006577731440709632	non
1171145559085932544	non
1080824961202311168	non
974624096221847552	non
1088579838787624960	non
1020788762387902475	non
1093101401201348609	non
1172406472556204032	non
1141619529606475781	non
1027137474118787072	non
1017953259187732480	non
1026756858911105031	non
1163167270937485312	non
1104713727201423360	trg
1113901606532206600	trg
1060638836093607937	prof
1170728641677934592	non
1158014473376010241	prof
1042744716683632640	non
980090176650252288	non
1162991668217438208	non
1022039078437576704	non
1073333090226003968	non
1083086490425573381	trg
1012568858836774912	non
1087769309773029376	non
1053678804516913152	non
1160656469638955009	prof
1099340727434256384	non
1104516018569801728	trg
1024340134936936448	non
999550178783842304	non
990529851366019072	non
1167706888441610241	non
993576251641253889	non
1140785039564840960	non
1161030974588837890	non
994137555351285760	non
1166265237202513920	non
993015909911613440	non
1051356703940403200	trg
980939536132960256	non
1133309149280964609	non
1024558094624411648	trg
1033228882361692160	non
1175489940337152001	non
1176506957496233985	non
1177600735183331330	non
1007129962204278784	non
987083677158006784	non
1151874084512256006	non
981611505933307906	non
1041628577559715840	non
1081949659197816832	non
1162045417024118784	non
987991340591009793	non
1169624733719154688	non
1143058380749254657	non
1079345468621144065	non
989804354826883072	non
995758007119155201	non
1070303676579897344	trg
1044484888836149248	non
1174386979636678657	non
984663488244088832	non
1092772786970480640	non
996070635452403712	non
982615909754908673	trg
1107954661863112704	non
977274871091810309	non
1145722649215209473	non
986347147238002688	non
1036859526539034624	non
1176764536919138304	non
1132602237040111616	non
1097490485755678722	trg
1097974042122891265	trg
1055573061192298499	trg
1008255051746422785	non
1095032205720674307	non
974659435497971712	non
1030566657629016065	trg
1007048019550851072	non
985283003076304896	non
1007273276173766656	non
1079099012895178752	non
1078634040062808064	non
1160105925031661569	non
1100439244248621056	non
1167702540282208256	trg
1132223732339093504	trg
1107258288205455360	non
995706676752904193	non
987746889901772800	prof
1118842433528320000	non
1046313935119495169	non
1099322379069730816	non
1143190427631329280	non
1057322349488410624	non
1166311750322532355	non
1124803841470410752	non
1131328127030964224	non
1019861686243741697	non
1126172939936727041	trg
1001177077327056897	prof
1010593591796879361	non
996839842272169984	non
1103408452368519169	non
1036697288071151617	prof
1084877719169654784	non
997649257044815874	non
1107739779045752833	non
1058757745917202432	trg
1168932666470731778	non
1007257986836910080	non
1081209067606102016	non
987245306155819008	non
1001385865380286466	non
1015267728482070529	non
1133122590728491010	oth
1054058204269895681	non
1164843060775268353	non
1128074278354804738	non
986323309632589825	non
1117753261065371649	oth
978654767231758337	trg
1162140800765124611	non
1115630554509131776	trg
995693595108806657	non
1038406495510163457	non
1027265480086704129	oth
974293546281861120	non
999666017587613697	non
987447348526796801	non
1015110500961546240	trg
1115318862113853440	prof
991717587166945280	non
1113323158663249920	non
1060566638599331842	non
1115250092016111617	non
1036547855006220288	non
1123291570877411328	prof
1117771813579313152	trg
1009464611526074368	non
1091363401509548032	trg
1030387663709396992	non
1094369438890164224	non
1122505525231411202	non
1011057525280661504	trg
1168968565111840769	non
1003353161166409728	non
1078604881395617792	trg
1176444219378012160	non
1174636267734257665	non
1025153890206076928	non
1059553630515326976	oth
1021858656147537920	trg
1051876123351633920	prof
1141182648120958976	non
1146822284402933761	non
1157857068935766016	oth
1093020921936429057	non
1173174695333629954	non
1093454987672387586	non
1163066780115451904	non
1129728104228937728	non
1083681932725108741	non
1032737865015468032	non
1058457025485639680	non
985044362949201920	trg
1163364177488097280	non
982210890932957191	non
1178619489941884928	non
1140593818179448833	non
1013844774837739521	non
998095130925174784	non
1031211896442179584	non
1028692001133420544	non
1171110465067462656	non
1154834137741692929	non
1132665513727938560	trg
1168068152191664128	non
1045541959492866049	trg
1157963675115970560	trg
1145997531190628352	non
1038311584173633536	non
1172446044916838401	trg
1027106096656392193	non
996115814246993920	non
1094531137211432960	non
978302930699870209	non
1039405533915238401	trg
981991600191692800	non
1096299528318316544	non
1171367284415303680	non
1020407654693425152	trg
1112088773981032450	non
1176623883346219011	non
1164422684224176135	trg
974343246246830082	non
1105544530248564737	prof
1052629644648812544	trg
984930798989185024	non
990581199750991872	trg
1169153570991738886	trg
990323984205049856	non
976463128774004736	non
1096086237960638466	non
1123634756325978115	non
1134086212548026369	non
1093891119115587584	trg
1174632467355115520	trg
1114282222914342912	non
987457882143842305	non
1053409746232004608	non
1176394290068692993	non
988167801042030593	trg
1134540016070397952	prof
1035635713306501122	trg
973569055398486017	trg
987675753285382145	non
1105074729810051072	non
1080833725485723649	non
1161807129726115840	non
1117939673584762881	non
1110305577719205890	non
1002588696028336128	non
1127727228731691009	non
1041232822781063168	trg
1136769149177405446	non
1140735106950320128	non
1158024615756750848	non
1115543038124859392	non
1003296842145304577	non
989507757228351488	oth
1091623161500708864	non
980110841117847555	trg
1117500577448103942	non
1038484833272557568	prof
1081720071632965633	non
1009129070741917697	non
1175862959756779520	oth
1168641204373901312	non
1059712565339676672	non
1176168129212440576	non
1143800797966295040	non
1024074469357309952	non
1104038016392327168	non
1044737774010683392	trg
1009225997055557632	non
1078616872541671424	non
1081061889071894529	non
1050737891733897216	non
1155924375461343232	non
1151006091037356033	non
1012821501102493697	non
1128300160310743042	trg
1170964856364777472	non
1158256120219230208	non
1090368088846016517	non
1160945837859647489	non
1143846172508991489	non
1079185201908142080	trg
990672922292473856	non
1018194524412239873	non
1036958961570930688	trg
1025368261435813889	non
1109754840652099584	non
1155861859150553088	non
1155924019453071363	non
1001722529634021376	non
1116148234693615618	prof
1049382981062860800	non
1167767160804061185	non
1118837822780248065	non
1113170488027697152	non
1147081423066734593	non
989533571634393088	non
993483229830270978	non
1171542281750503425	non
1112423667902963712	non
980076146443374593	non
1164944172081700865	non
1118181969043628032	non
1071333382892613633	non
1047173209060245504	non
1034579307941777413	non
1150719733068652545	non
1099674626848968704	non
1165218724779085824	non
1029481360099033089	non
1143715082918092800	non
1014075015510347776	non
1109560596406722561	non
1167784585293438976	prof
1152973282628554763	non
1157470825924255744	trg
1168640150844432386	non
1011294344123428865	non
1170818541941116930	prof
1091719880376836096	non
1165291292819099653	non
979502040882798593	trg
991175475727929346	trg
1048460079249408000	non
1034074023297212416	non
1066739743977873408	non
1056312258605789186	non
1038538569189609473	non
1123141116738588683	trg
987995553630949377	non
1104539616697290753	prof
1031365832977330176	non
1089204030239371264	non
1053789277103030273	non
1160547110804172800	prof
1060489707824562176	non
1170793129643073536	non
1059432149248602113	non
1155008069409153024	non
1007159035332833281	non
1170433030521073671	prof
1084118582726967296	non
977285631389982722	non
973569101594611712	non
1163586440137191424	non
1149418918076981250	non
1090035076493176832	non
1003540899975057408	non
1032924638014332929	prof
1002395434114011136	trg
1148128472759492608	non
1011927129104281602	non
1032525489901105153	non
1135186902850707458	non
989623923439493120	non
1159960722643791872	non
1104144531916771330	non
1155407247171715072	non
978673240511041542	non
1169971453141364737	non
1102328048500776961	non
1174365292077735936	non
1045698520676798464	non
1059424077046267904	non
1127242928307437570	trg
1084365767964016642	non
1105973363808325633	non
1138409159127384064	non
1018334847163617280	non
1049145006148268033	non
990203732716609538	non
992298073660387331	non
1015141993956167681	non
1021905538131668993	non
1079293504361320448	non
992416199588876289	non
1134513685530075137	non
1034856291494240256	trg
994672948559704064	non
1119327755945041920	non
1161228307314237440	non
1152448166278705152	trg
1163067978084208641	non
989319862567817221	non
1135497319451959297	non
1156096561908256769	non
1124053105774137344	non
1149287343330856960	non
1116793063840423936	non
1104679879918972930	non
1043174329972875265	non
1011724778896584705	non
1096550878369271809	trg
990199652271165440	non
1076931827443601408	non
1155241400339968000	non
1014058283815112704	non
1156581861315006467	trg
982102640740909058	non
1077187656327618564	prof
981693114539757568	non
1026429370456571905	non
1089864984811708416	trg
1073453911774846978	non
1032628695637413888	non
1056191424411123713	trg
1052671624908951552	trg
984808362104803328	trg
1026016162637926400	non
1033157918877773825	non
1078520876281356288	non
1116604589015359490	trg
1083685939459907585	non
1011275006830104577	oth
1140726620568862720	non
1124790535355551744	non
1126844175532666881	non
1162853107426045952	trg
1124821783624978434	non
1047838041774215169	non
988063882483822592	non
1051232091256578048	non
988824645746003969	non
1128679436063268864	non
1108622994476277760	trg
974721275687067649	non
985602764482007040	non
1120521470499852289	non
1021295498928541701	non
1175302502234959873	trg
1177861782339248128	trg
1166759275412283392	non
1126951214489452545	non
989626635371663361	non
1176061018444877824	non
1080440987862925313	non
1025033080606810112	non
1139946487079718913	non
992802773141000192	non
1160130017772429314	non
1123284378040373248	non
982201259372429313	non
1046795778784735232	non
1093621619162001408	non
1004346058321821696	non
1169129094312865792	non
1168531258063970306	non
991238824150761472	non
1033618895519854592	non
1013712444185894912	non
1125089787088650241	non
1104135030190886914	non
1174252842745573377	non
1074353544944336896	trg
1164557255540379648	non
1112400539638218753	non
1056922044435185666	non
1051581024113778690	non
1121131064037203969	non
1118999686759763969	non
1026700944770326528	non
1045445306580652033	non
1090716832443613186	non
1069260308944957440	non
976812179658805248	non
1169527589603618816	non
1111467049367175168	non
1004764770938097667	trg
1054183645756432385	non
1130259995667456001	non
1145056505668014080	trg
1120429556337451013	non
996116549252632576	non
992849577341538315	non
1151622497890181122	non
1092742747465965568	non
1011954690727260161	non
1144969282578767872	non
1089488963121893376	non
1144701145232879619	trg
989980417032892420	non
1051569047228338176	non
1117912481765048320	non
1111020661823234048	non
976890493689843712	non
1132611083183820800	trg
1138098310798106624	non
1100342730935410690	non
1089006817185812485	non
1114655525386559488	non
1062325094649860098	non
1043767777306320896	non
1131329848683716609	non
1089446949059739648	trg
1008468251674890240	non
1127245566260469760	non
1090852177164292096	non
1159371057305915394	non
1169659327889715200	trg
1119887108016103429	non
1044417426300047362	non
1071531452842557442	non
1027850610731696129	non
1041680344934703105	non
1069270621773881344	non
1115681466510381056	non
1142796515422953473	non
1010285635737997313	non
1171179411892297728	non
1175783894718799872	prof
1139868772632805376	non
1071678592428531714	non
1165615205780467712	non
996744682427375616	non
1161731938908090370	prof
1040302459237875713	non
1045346834879852544	oth
1176192418065993728	trg
1104411520602132480	non
1091268315757068288	non
1038104613113745409	non
1162637038035881984	non
1095332550317228033	non
1027469097158811649	non
1020894760570114048	non
1038468499180584960	trg
1127962473104117765	non
1102489620783263744	trg
1078192854244249601	non
1128256645769912320	non
1177968240456278022	non
1114679318377062401	non
1021029124255682561	non
1092144950819647490	trg
1143832746567057408	non
1069909020905955328	non
1044875241720336390	non
1164100001825529858	non
1167307615874908160	non
998605526001967110	non
1010458087034105856	trg
1162471344476495872	non
1141688371108024320	non
1121837346289324033	non
1058957668935761920	prof
1114807890605424641	non
1149727702234144769	non
994878370285608961	oth
1033277611609346048	non
1141241539529719808	non
1172554422137839619	non
997879019822514176	non
1176875762298839041	non
1168637433300299776	trg
1016575623551176710	non
1138104571165859841	non
1173759833138434048	trg
1094637620511023105	non
1093978305865355265	non
1009532171193913344	non
1007975281376755714	non
1163444935552430081	non
1060171670055538688	non
1176969230257987586	non
1028518316648878080	non
987267861235273728	non
991542327046033409	non
1017519168441274373	trg
1078568816806785026	non
1147198730850000896	prof
1048300459637858304	trg
1137387691388100608	non
1007384900012527617	non
1031544858278813697	non
1005329993025638400	trg
1147930367518806016	prof
1083128349764042753	non
1139253243161272320	non
1068867015115530240	non
1108416158544338944	non
1166798011546120192	prof
1174733098518482944	non
1020236430264725504	non
1149410143244890112	non
1123505559158841345	non
1046473069001420800	non
1060434427376005120	non
991226518910185473	non
976450120656007168	non
1162929092330688512	non
1141590316291710976	trg
1167074014550003712	non
1069257670140616704	prof
1170333664351330304	trg
1175464468626714625	non
1150141193256394752	non
1034325410002206721	non
1113304294332276736	trg
1130193268606754816	non
1163778106437656576	non
1107260783732420610	non
1029763658891636736	trg
1154535450402381824	non
1052553432094130176	non
977978260490473472	non
1011218786022805504	trg
1125899941568811013	non
1130018285225992193	trg
1049902818390417409	non
1165227659959394305	oth
1125687688848445440	non
1143536389717463042	non
1158268751164448768	non
980964778020663296	non
1166635232793124864	non
1027489743788027904	non
1148674782482915335	non
1007892164859265024	non
992065115477377031	non
985052747119591424	non
1070244422397251585	non
1160140158060179456	non
1158504189762461697	non
1114249848314900480	non
1170347459580702725	trg
1169216412981911554	non
1079830538033291264	non
1104054706958229504	non
1176983027358081025	trg
1166483370022510593	non
1008128977205104645	non
979665649940226050	non
1141807845937205249	trg
1129098832187461632	non
1119943907922599936	non
1171889582977310720	non
1020890826774319105	non
1169408966289436672	non
990511467316342784	non
1146425837157265408	non
1044939040087306240	non
1108038933311643650	non
981113338120888320	trg
1083108423133290496	trg
1156343673392705536	non
1163462195482628097	non
1081261373894680577	non
1163134857637224448	non
983272054131712001	prof
1175945881775988738	non
1041044211905306624	non
1087790666430717961	non
1104804097662828548	non
1160877505210978306	non
1162622394445520896	non
1084682550986108928	non
1105462945755074560	non
1128217042950262787	non
1170821652193710080	non
1112309406476238848	non
1127687612536324098	non
1037068587587063808	non
1059016500672114688	non
1169933887147073536	non
1017855445942325252	non
1121419753279635457	non
1122494713137905665	non
1051910178210222083	non
1030509770476793856	non
975594853777199104	non
1019268163387711490	trg
1162393539646500864	non
977621035074846720	non
1080596960908849154	non
1161595093582827520	non
1175164423935336450	non
1131148277011894273	trg
1118899856976826369	non
1120791481147625473	non
996788548828303360	non
975333566979760129	non
1174366692081852417	non
1103045892821659650	non
1173523734860324864	trg
989943707217604613	non
1165457565595181056	non
1178289547618205697	non
1081839470448689157	prof
1094480106460987392	non
999085219176222723	non
1161967880734461953	non
1107886509632507904	non
1086758009697640448	non
1031263614525681669	non
1163873006306955264	trg
1147531671794831360	non
1049880571026006016	non
1116011173672038400	non
1116362579876749313	non
981849417417396226	non
1102787910242394112	non
1119761422291013632	non
1080378408700469248	non
1026851721698582529	trg
1119739597825687554	non
1109742309304946688	non
990939254619623425	non
1099122916527169536	oth
1149598815386660864	trg
1087794320328060929	non
1038510291397562369	trg
1111545405962113025	non
1171732493260775425	trg
1168807977161240576	non
1001219697348632576	non
1069238589463117825	trg
1133870230806106112	non
1020196681122447361	trg
1096176620325560320	non
1159574824974524417	non
1132346875837857798	non
1116716456153108481	non
1089215925042233345	non
1013767060768387077	non
1178348153743036416	non
1036621298473033729	trg
1084952302304280576	trg
1127250011300012037	trg
1033313056443564032	trg
1036689943723171843	non
1092735540896714752	trg
1083060155510591488	non
1093270002587840512	prof
1150363256344784897	non
1139819112941662208	non
1084419631249584128	prof
1161404726010888192	non
985165940613636096	non
1032962086035484672	non
1126943760812781571	non
1140167068517617664	non
1127253645433688065	non
1147033648681689088	non
993933653725073410	non
1169553448142090240	non
1117105210659360774	non
1103382656631361536	non
1104311470295265285	non
1105905690739040257	non
1164914480427470848	trg
1008245382864887808	non
1119846199975129088	trg
1013829192318930950	trg
1169560248107065344	non
1129533967001165831	non
1163156913313464329	non
1155976410546106368	non
998121640058916864	non
992737731729084416	non
1069009030717280256	non
1044972925508616193	non
1169021985868996609	non
1085104621931151360	non
977448574517743616	non
1088365903929110529	non
1113336226986233856	non
1140150542393589760	trg
1131150221344485376	non
1165021100792852480	non
1168905222728630272	non
1069337119238307840	prof
1105142799572393984	trg
1020638398464385024	trg
1167415488823083013	non
988859707438895104	non
1043534464763203585	non
983002664479977472	non
1019959083263320066	prof
1089182223931244545	non
1158000600010956801	non
1113729347884670981	non
988694374698639360	trg
1011707193178185729	non
1167599134699921408	non
1044002131810955264	non
993129737689161728	prof
1115196061126135810	non
1113130458529718272	non
1117803971111006208	non
1005531720400154625	non
1140577346950434816	non
1044946929027874816	non
1070784120249290752	non
1103856116214190080	non
1000493838279028738	non
1093220499335852034	non
1158871264188162049	trg
1133346979885588481	non
1124537591762755589	non
1051226164432424960	trg
1163940652918460416	non
1099976968668438528	non
975386445006491648	non
1146166647427932160	non
1111598740845068291	non
996412334250872832	non
998711827499573248	prof
1039495640957550592	non
1071669183098875905	trg
1020419647408168960	non
988575064994951168	non
997099830974582784	non
1160223160047943680	non
987301867272179712	non
1129814551803908096	non
1110606497938063360	non
992821784893448192	trg
986746386757627905	non
1176506164273717253	non
1129289715453177856	non
1124788854622437377	non
1161695018106662913	prof
1098216215166754817	non
1168078966961262592	non
1103640277099646977	non
1080570929137238016	non
1109427553318719489	non
1116088865981390849	non
1113440451137294338	non
1012625061302456320	prof
1163203199374901248	non
1039089204347764736	non
993522354612572166	oth
1090019130894237696	non
1173241079556136961	non
986349680870256641	non
1097759473039523841	trg
1002259190398758912	non
1153058113953705990	non
1119616273439178755	non
1097195409217327106	non
1138421096699617280	non
1137870441534693377	non
1168060042513223680	non
1120249938607321089	prof
1142117641651478528	non
1048570468385611781	non
1156150239541305345	non
985493438274654208	non
1154783436567134211	non
1127248988372180992	trg
989196504840724480	non
1110289584603258880	non
1031117212453613568	non
1101002043542646784	non
1170281981319483398	trg
1127405744561762304	non
1088347263309623296	non
1173872009325006848	non
1072219258422288387	trg
1158740357372362753	non
1044615610695667714	non
1007016319584231426	non
1160554298855559171	trg
992672206877593600	non
1078887632422273025	non
1096686597263765504	non
1081154480962523136	oth
1123778594663223296	non
1165253503826255872	non
1174425485025193984	non
1176844939533139968	trg
1037594755318931457	trg
975427018484576256	non
1170936673812852736	trg
1163145163377651718	non
1138529242784894977	non
1159036948914364416	non
1148324070422921216	non
1173343992290926594	non
1068554788659433473	non
993120201754456064	non
1009535377823162368	non
1138741131699720192	non
994241962583699457	trg
1167868004006162432	non
1151940499491758080	non
978687767810117633	non
1135345497491890178	trg
1000417882390630400	non
1168488744900603909	non
1142490274809176064	non
986632572640858113	non
1054847365381869568	non
1163173802207039488	non
986845796636217344	non
1123908091597205504	non
998396132932947969	trg
1068858595721256960	non
1077323520823169029	non
1002292122257682438	non
1014033905526206464	non
1117417835968462848	non
1072438628972969984	non
1172910933980717056	non
1085647185260105729	non
1030979255172296705	non
989811426050105344	non
1028422221176483842	non
1013560459809652737	non
1127504239000006656	non
1153363661060263937	non
1128048905793490944	non
1025835195289743360	non
1060078416777674752	non
1010056147410345984	non
1152218460887408641	prof
1173199992061927429	non
1120810677357154304	trg
1157364351659053057	non
1101951913241862144	non
975000747975770112	non
1051893561745137664	non
1146788537234276355	trg
1163612415633821696	trg
1162300978533736448	non
1086366964874911744	trg
1155617854609416194	non
1110813971018330112	trg
1121701762900082688	non
1095062884860784640	oth
1102516318228623365	non
1141604179787563012	non
1021850106411274244	trg
1029107615350104065	non
1049812974255378434	non
1049747671823585282	non
1130158897141047297	prof
982290715182026752	oth
1005263880623452165	non
1020711419807924224	non
1104118183747817472	non
1171991959826776064	non
1103533537775570946	non
1148151277664317440	trg
995650674607181824	trg
1068525435514871813	non
1100674071434588165	non
1167488096474206213	trg
1160946735587483648	non
1031816040047697920	non
974728663882223617	non
1091461553201823745	non
1162974485106089984	non
1110784003148263424	non
1095163023281541120	non
1157998799723401216	non
1102668622852427784	non
986402571018481664	non
1131012172669227013	trg
1147621358630838272	trg
1020207135123222528	non
1162035109475868673	non
978736416208314368	non
1081143451402543105	non
1095281383428317185	trg
1096496821692715009	non
1117861770813530117	non
1170369791179276288	non
1008636988122173440	non
993050451116511232	non
1077289169456640001	trg
974952512649392128	non
989288045844320256	non
981262822008152069	trg
991579588886192128	non
1121281570709692417	non
1115484306464489473	trg
992816633847664640	non
1107728929765363713	non
1090242619303710720	non
976131226267418624	prof
1002640953021272071	non
1020989198290030599	trg
998506306028953600	non
1096836266858110976	non
1000308408422150144	non
1068195198008786944	non
1158480946905190401	non
1122796902418976768	trg
1017000000453267456	non
1086641041669804039	non
1164218393224011776	non
1003780910511161348	non
977219918121852928	trg
1162992204505395200	non
1039233809919733760	oth
1022958266169675776	non
1079708204261691393	prof
1056830974535917573	non
1008957903292813312	trg
1068590363659640833	non
1132993014652166144	prof
1075790651839709186	non
1031117116781604864	non
1163567650980737024	non
1151393926919708672	non
1077263508801273862	non
975999916890886150	non
1035992476128096257	non
1151037127855104000	oth
1165813897946947584	non
1113113722925576192	non
1170995337168916480	non
1007997476329189376	trg
1158483622917287936	non
1122677364062859264	non
1074424609401962499	non
1127127599795318784	trg
1118595632187494405	non
1092768530481770497	non
1054202308328853504	non
1046800316715421697	trg
1086230195936342016	non
1027211122473099264	non
1148942530672758784	non
1126816761192431617	trg
1006577505250267136	non
1144648865729175552	prof
1115979159103266818	non
1152693764546355200	non
1097564214279974917	non
1072932710241460224	non
1008423455887364097	non
1168981307889717248	non
1155550052032614400	non
1097215222698467328	non
990239884358176768	non
1081063050873053185	non
1004839875747688449	non
1051536750139596800	non
1051409694940639233	non
1060265923955884032	non
1048358356392595457	prof
1006092592570929152	trg
1050137095560421376	prof
974755621429022720	non
1152993867618246657	non
1137393761653272577	non
1160002534884466688	prof
1007746100344782849	non
1126628592467808256	trg
1145624007775019008	trg
1173490853786136577	non
1143164279467728896	non
1001911939600211968	non
979837376653643781	trg
1055586025551134720	non
1030208132465737728	non
1018745158605721600	non
1074226190318211072	prof
1031523387657650178	non
1027654125171957760	non
1000447819075997696	non
1016437012965023744	non
1095724442129481728	trg
1071772783061975045	non
1013097008767397888	non
1100411522130432002	non
1113555177796198400	non
1130306620112670723	non
1106850620789714944	non
1158832983308156928	non
1167932152643649540	non
988683237345067009	non
1126564835024613377	non
994659515554582528	trg
976310283605078016	non
1117513606151720961	non
1136730119912005649	non
1169954863066824704	prof
1144710635722366982	trg
1123694873297784837	non
1125379584327860224	oth
1001682778168184834	non
973569088629899264	trg
1010168398255403009	non
1157556834095566848	non
1159001498489151488	non
1138053499810406400	trg
1175091804531843075	non
1090109417683648512	non
1020070072998645763	non
1095741705054314496	non
1044848294176985088	non
1170924387916296193	non
1168569545155645442	non
1147228678327361537	non
1056200349374185472	trg
1075053765760376834	non
1123087815552708608	non
989506611046739969	trg
985615435734421505	non
1030679912976400384	non
1038261838285160448	non
1149726715301773314	non
1150742325980729344	non
1083244310219423744	non
986401156896346112	non
997530885225369601	trg
1142791392592314368	trg
1161955122773204994	trg
1034881699719593984	non
1173202463668805632	non
1123328857665409024	non
987216608845336576	non
1167733339563995136	non
1002869723107872769	non
1155949347739070470	trg
1138585824205950976	prof
1160988486377385985	non
1061830667380707328	trg
1168186202727616512	non
1105938761307906049	non
1147139943455703040	non
1053777992026079232	non
974634150358642690	non
1054256548812386304	non
1157733479829901314	non
1129793707144826880	non
1144291088921956354	trg
1142717334899056642	non
1160279002046697473	prof
990577742373687296	non
1104129290747170821	non
974751176121110529	non
1017061038095847429	non
980836939841658882	non
991456211383017472	non
1090308784168292354	non
1166449558001467398	non
1043948740359401477	non
1107290008594141186	non
1152347233544744960	non
1171151858611707905	non
1030743708944293888	non
1084503021646737408	non
1096458535762833408	non
1077308371370471426	non
1134772716589015041	non
1076754324330549248	non
1120678634061275137	non
1097019370906226688	non
1150290519299411968	non
974234201397563392	non
1172255561569701888	non
1076257191886245888	non
1059918157530443776	non
1005503849652736000	non
976907290233180160	non
1131665808483069958	non
1176835849201377282	trg
1106161246938820609	non
1008150554839744512	prof
1070464677656846336	non
1145767926437486592	non
1107908912915931137	non
983944877921722368	non
998942083221262336	trg
1046358564267339776	non
1008463832711417856	non
1001968564620988416	non
1093757353793675264	trg
1149384613397172224	non
1153173020174893058	non
1083468738727473152	non
1163463496035704833	non
1124268336878170112	non
979033476400930822	non
1140937892379930624	non
1169707588122042368	non
1172943246240210944	non
1081291500053585921	non
1071838374573600769	trg
1146560208719757312	non
976763960795033600	non
1082709838675800070	non
1173698180833259521	non
1157983040146202624	non
1110874794956935168	non
986653095752011783	non
1027883999493083136	non
1173339332171763713	non
1169256795514245120	non
977867662700240897	trg
1102664185035587585	trg
1109877423628345344	non
1091442865295769602	non
1025100695542870021	non
1132924301806641152	trg
1121095449631444993	non
979869653290962946	trg
1135471938304905218	non
1078466589157138433	non
1046857490615472129	non
988345526918828032	oth
1127744399734136834	non
999173569610383361	non
1175076787505831936	non
1071160051728048129	non
1129872148783353857	non
1010288751166345222	oth
1124707672257908741	non
1162813558364749824	trg
1100494346057596928	non
1178393720091283462	prof
1061698186161651712	non
1011012147940294657	non
1177289565352136704	non
1121024167787343877	non
1026835067077898242	trg
1020971897117343744	non
1150801465948168194	non
976864791284330496	non
1071817217325588481	non
1058609085552173056	non
1032861092777795585	non
985188538114281473	trg
1083017432812478468	non
1116606991680466944	trg
1016427935446728704	trg
1155861494648770560	non
1154365636484698114	non
1038347093872717824	non
988198611942100993	non
1106586304182140928	trg
1013505315172769792	non
1104368464452440064	non
1106701815368900608	non
1117957977246502916	oth
1100270115017367553	non
1176479095565246464	prof
1096158562697531395	non
1129724923142901764	trg
1105216046540169216	non
1084582684679131137	non
1143501316389576704	non
1042611508558082048	non
1161708083439132677	non
1019306901245480962	non
1157744008069898240	non
1142098599414849539	non
1169522834286292992	non
1024617545628831744	non
1129909638508482560	trg
1015143261869084673	non
1013811605916848135	non
1013289527937568768	non
1144340995200495617	non
978338764115402752	trg
1060665488810876929	non
1026566294114631680	prof
1166295988111368192	non
1155809627285741568	prof
1009792529796132865	non
1059452772284739584	non
1149641668506689536	non
1006146892634427392	trg
1097485190274994181	non
1097178161232646144	non
1144175247014453248	non
1056577415445655555	trg
1076139078045773824	trg
1011043449225863168	non
1082427050475094016	trg
1036019196516290560	non
1060882478158749696	non
1035337267592785921	non
1042926075406364674	non
973569102857015296	trg
996814464182898690	non
1171366054960017409	non
1037582233236856832	non
983764898512539648	non
987924517229080577	non
1169028075767644161	non
1117338259384872961	non
1015173268360323073	non
1106710921148354561	non
1147407044791742464	non
1096831799731384320	non
1037706655608266753	non
1164474508608180224	non
1158341723417915392	non
1008851690622251008	non
1059906169681182720	non
1170264194815541249	non
1147765113820258305	non
1163738926152060929	non
991240581656522752	non
1148531103436873728	non
976910015469637632	non
1129727127719489539	non
1009001911947841536	non
1015608040018542592	non
1050394205657489409	non
1086627373062258690	non
1087364715662270465	non
1032560514143068160	non
1169243426472288257	non
1159475925018447873	trg
1009853060829581314	non
986179584361160705	non
1030845943036428288	non
979732365420441601	non
987795315779620864	non
1019588687611514881	non
1100541487559905280	trg
1045325129734135809	trg
1105816925035212800	trg
1024625559769362432	non
1009296571975000064	non
1144916909579784192	non
1109839460194287626	non
1156674128126119937	non
1127244970585403393	non
1044999013815275521	non
1008050833987076096	non
1121084116949250048	non
1093674834868011009	non
1023604096132104193	non
1077941091138191362	non
1030924259412111360	non
1003256127650455552	non
1151387048760229888	trg
1176874523381116938	non
987979922793779200	non
1106612027009708033	non
995374808828440576	non
1169471595330621440	non
1083026368991019009	oth
1000530835286740992	non
1001516032283103232	non
1119713195873198080	non
1081284497671442433	non
1111239788441538560	non
1176143315311505410	non
1151179104768724992	non
1163887963266326529	non
1087765924332085253	non
1032648018061873152	non
1159010732022910976	non
1083743391408631808	non
1030269308172161024	non
1059316839627608064	non
1129070974136180736	non
1080858958586413056	non
1172790704185233409	non
980659587186593792	non
1155603225883631618	non
1147893315586670592	prof
1090151601640226816	non
1134270684924993538	non
1123271266721574918	non
1057302867537608704	oth
995963991548669953	non
997784686519898113	non
1048221560958590978	non
1077437952127574016	non
1080933987672121344	non
1127298611925127168	non
1169116564601344001	trg
1162702085605023750	non
1112290741135515648	trg
1138836773323399170	non
984565223544819712	non
988111874267996160	non
1011336463458492422	trg
1079434320832532480	non
1144962876416897024	non
1163388289828773888	trg
1146765400534921216	non
1044181132059774977	trg
1161929557655662592	non
1036256838432575489	non
1000737000113262592	non
1115679786532245504	non
983249718158426113	non
1077365281306087425	prof
1053398683293794304	trg
1106317567340236800	non
1133995829818273793	non
1165231104560963589	trg
1138454811186257920	non
1144546916077907968	non
1155618861326225416	non
1082725789769048064	non
1176788739902844931	non
977899046147903488	non
1099076166768566272	non
999808880124325888	non
1024704923517300738	non
1032208600897282048	non
1147098808993685504	non
1025441435632496643	non
1036903281459687424	trg
1154777762466586624	trg
1119534804045893632	non
1134851469524553728	trg
1015364365418102784	trg
1147525770492952576	non
1093541082833608704	non
1010091721001242624	trg
1036844640345972736	trg
1172209926233628672	non
1109684704498855939	prof
1117888325040271360	non
1169544409580494848	non
1072648941626376193	non
1017660423871631360	non
996144748569284608	non
1138006277009756160	non
1024302672659267585	non
1166198727880695813	non
1173267772643696640	non
1174685990247706624	trg
1119010428154261505	non
987642328688005121	non
1155584321874477062	non
1073575778506420225	non
1007996447302782976	trg
1165014078298963968	non
1175201262641414147	non
1176199028222156800	trg
1134829384672665602	non
1092054117755822080	non
1068878627117441024	non
1015267414605553664	non
1130826387596742657	trg
1012262552280227841	non
1107175001982189568	non
1112037293798379527	non
1100692130043957248	non
1026358486630887424	non
1070476019625279488	non
1017695491096760320	non
1038784441383038977	non
1158022803779727360	non
1121488724838187010	non
1010932402640826373	trg
980167553120198656	non
1144754866084110338	non
1163944642548776960	non
1073879302683406336	trg
1145421797195694080	non
1126375532877230080	oth
1118622085994156032	trg
1165271209736642561	non
1044849927065665537	non
1134122933335576576	trg
1153275546136141825	non
992698695543087104	non
1039559547625586688	non
1002997527514361856	non
986723565197316096	non
1039501604892889088	non
1130758989220913153	non
1095677191940202496	non
1115753480650743811	non
1116500243380604929	non
1152727274887766016	non
1110219167108657152	non
1084383406635606016	non
980384716380614657	non
1026947329318903809	trg
1168077332898336769	trg
1079820344301629441	non
1163139302328610818	non
1173728319939993605	non
1157579662006063105	non
1094255066427604993	non
1053975575054946307	non
1123895530759905280	non
1127638414596169728	non
998366928740773893	non
1161315980972138496	non
1174173715405447170	non
1129682313963552768	non
986180768828477446	non
1043250800057872385	non
1098162905160257536	non
1035282618831519745	trg
994804709788733440	non
994604012585570304	trg
1174376624328007686	trg
1153562980933652480	non
1035057496967274498	non
1077189869326254082	non
1072541260836147202	non
1162994390907969536	non
1120639877119389697	non
1005880208451407873	trg
1017448396125294592	prof
1139987336769486848	non
1172478833599143936	non
1161752134473388033	non
1142072354417389569	non
1162614288097456128	non
1158248912739864577	non
1123997204203622400	trg
1119283598258003968	non
1132503015615811585	non
1123587552341053440	non
1081974055861977089	non
1173508583000018944	non
977147068887306241	non
1006987878356996096	non
1175682615418007557	non
1088721087129620480	prof
1160687738150150145	trg
1054144171429298176	non
1168809199008174080	trg
1001489779958190081	non
996667672833200128	non
1082188967322271746	trg
1073110985727184896	non
1006451082090991616	non
1041992477476044801	non
1156853426132856832	non
999743296082673671	non
1139301409487249410	trg
1173880818579726336	trg
1160982750129774593	non
1086313236578869249	non
1177457145660370946	trg
978227365603172352	trg
1173711396984541184	non
1039946220763074560	non
1148563437133451264	non
981597894267596806	non
990535512439099397	non
986677066312638464	non
990728029696557057	non
1129009014896058368	prof
1059115883749167105	prof
1098632120166166529	trg
1161603602483503106	non
1124747305226207233	non
1069902362859454466	non
1105736302232666112	non
1166423172603895814	non
1125703727606829056	trg
1112063143847608320	non
1137153180364447745	non
1031458434191900672	non
1167571738026270721	non
1136550300960088065	non
1111764751191851014	non
1173323825469120513	non
988857487175684097	non
1149664753062563841	trg
1157780298475757569	non
992413746340429826	non
1106071572182433792	non
994192210907336705	non
990199301132443648	oth
1155451460940943360	non
982146586829504512	non
1149506423514025984	trg
1136609746121875457	non
1088451035545260034	prof
1165010764509437954	non
1138069874251616259	non
1158990376591601665	non
1043127884343402497	non
1033536654378774528	non
1163557913446604800	trg
1121422821509488640	non
976837325903638528	trg
1104350342106566661	trg
1072117164000403456	trg
1149095651025850369	non
1059355070129676288	trg
1055077974767218688	non
973865343323115521	non
1116183267600945152	non
1150256726593155074	prof
1101230132679925761	non
996377288433430528	non
1082254052627566593	non
1117777698942803968	non
1132846044465827845	trg
1022517389009842176	non
1079793156701474817	non
1037641441701441537	non
1119304762376294400	non
1106128181646495744	non
1166169683457970177	prof
978158127806930944	non
1145219534892273664	non
1130835492780630016	non
1110972517550833666	oth
1133812186516742146	non
1118244250179731456	non
1032919243724152832	trg
1003298783050989568	non
1159971048378568707	non
1109110641917419521	non
984913619849830400	non
1002581405426044928	non
1139513888314183681	non
1100634799688114176	non
1103930672635236358	non
1007903369657225216	non
1172177517773557767	trg
1083354457407131650	non
991741919255547904	non
1143887504124338176	non
1117349882090663936	non
1147039318667669505	non
1058315425652588545	non
1041457088151605248	non
1036281654145208320	trg
1083010634483228672	non
1107260756775575552	non
1058832780166094849	non
993817603155136512	non
1080088841044791301	non
1093204502142947328	trg
1059124857944883200	non
1048189773049942016	non
977182562400555016	non
1013866416125202432	non
1169603935855882240	non
1093745810473402368	non
1101535849722859521	non
1095663437789704192	non
1129643340553707520	non
1108238160683773952	non
1035175885643689984	non
1159974831015829505	non
1151517497595695105	non
1126405771342819331	non
1050402435112587265	non
1139522207795822593	trg
973805018804518912	non
1009510348876124160	non
1113839879987789824	non
1001012225883164672	trg
1050460212128337920	non
979539611411206144	non
1162078019080601600	non
1142491290732519424	non
1018334941493497858	non
1084021327449767936	non
990580547494793216	non
1115621082675982338	non
1117039499459084288	non
1085577836885405697	non
1081930623957258242	non
1097798328983699456	non
989721628157202434	non
1162039011793416198	non
1097866516509483011	non
1166603806383247366	non
1086206565844221952	non
1176424054573666304	non
1038282248557146112	non
1060835663376011264	non
1145768050102345728	non
1115208960628465664	non
1169683265676070913	prof
1135596225296814080	oth
985898488591462400	non
1156260037620371462	non
1172951031904428033	non
1081839184938233858	oth
973569099619061760	non
1146383203718094848	non
1011523417957421056	non
1095017000080949249	non
1127321684330078208	non
1060169230132432896	trg
1013639582926147584	non
1012629305745203202	non
1039141932637802496	non
1118915842220134406	non
1077520239468916736	trg
1172255692432052224	non
1055888823320829952	trg
1060580069717037056	non
1172208506512052224	non
1178415333281013760	non
1077363466661490688	non
1095767603631534082	non
1020341842183884800	non
983718759323045888	non
992074761999089664	non
1129575942467260419	non
1053291688117108737	non
1175149115119984641	trg
1171047144813486091	non
1020592657284911104	non
1077923912225157120	trg
987250115692908544	non
1169727800116428800	non
1036697289144852480	non
1160169087135301632	non
1080345831851548672	non
1051449938889101314	prof
1094916820585402368	non
1158482137164726272	non
996078518927872001	non
1044357750132809728	non
974938959020208128	non
993951562358763520	non
1121534526214279168	trg
986679079029166082	non
1040620789626793985	non
1099159715064528896	non
1165212319334445056	trg
1012714458450485248	non
1174045835920908288	non
981558495857266690	non
1178603935675887618	non
1174292847136256000	non
1139947212513927168	non
1040238055498637312	non
1118941397233565696	non
1082376882170011649	non
1109376096745803776	prof
1044980701567897603	non
1001491805320380417	non
1156334658017222656	non
977582477039620098	non
1041585452095102976	non
1094588641559670785	trg
1147248630933463047	non
1169671793654808578	non
1095610583242686464	non
1133424427419537408	trg
997414346094448640	non
998147314593263623	non
1041030709153083392	non
1024287313776570368	non
1019605198069694464	non
1038739570349752320	non
1004874178678480896	non
1173260584630046720	non
1010067302715445248	non
984437713570017280	non
1113178973679255553	non
1023226516144971776	non
1171824843907653634	non
999549977352384513	non
1174537948588662784	non
1161779868650156032	non
1057281234970337282	non
983053480528089088	prof
990225358359334914	non
1000329336426323968	non
1152442090925768704	non
1094636324215238658	non
1052276085713453056	non
1058305626823102464	non
1104648753405980672	non
1126554786248167424	oth
973569113124753408	non
1023992048607789056	prof
1080515479293317120	non
978378235456221184	non
1088407831198482433	non
1081898617080868865	trg
975388641924190208	prof
1100032255735595008	non
1171033182864650241	non
1037947613931352064	non
1160119363640406016	non
982969417935085568	non
1112369507786506241	non
983621253843030016	non
1042758395135180801	prof
1043228528714686465	non
1058583826132361217	non
1160534304696545281	non
1055694726513356800	non
1026121798381969408	non
1144218049152802816	non
1122885077220888576	non
1020610174124511233	non
1164774567107104768	non
1133048431155531776	oth
1072828170309652480	non
1134482332419801090	non
1120461042792980482	non
1121515023480819712	non
1149068176820510725	non
1174259991819276288	non
1097835581151809537	non
1090381465844703233	non
1175108148803362816	non
995439075774681088	non
1129092544585977856	non
1091741176552669184	non
1170990606543478784	non
1162789289756909569	non
980921816167395329	non
1136536513305595905	non
1068787658363731968	non
1006877736743432192	trg
1095729397582229505	non
984182679661924354	non
1044653374199791617	non
1175909326168498176	non
1132758035250724869	non
1098324448254529541	non
1119181844065456130	non
1123693514934583301	non
1135787919590006785	trg
1126617691647827968	trg
1169951706265923584	non
1057681517093232640	non
1092364823625719809	non
1088455258282516482	trg
1114565622946508800	trg
1173302993107771392	non
1060238946221867008	non
1166792169140736000	non
1007497398615183360	trg
1169373000984145920	non
1094014792082341889	non
1176741815107633152	non
1128917109558403072	non
1175710604058931200	non
1125870069320421376	non
1148909046172397568	non
1173865512859832321	non
1049192365670518784	non
1143831415185915904	non
1145261915918221313	non
996089751454265345	non
1163228386657017857	non
1040918965743230977	non
1088374642761519104	non
1106105041721659393	non
1167824092550090752	non
1018185214252679169	prof
1150919921880186880	non
1167875185912897539	non
1172883731981451264	non
1090195708379045888	non
983712961557614592	non
988530067004444673	non
985419087554711553	non
1106715700582928384	non
1019536887671869440	non
1150651869372592129	non
1086136861003841537	non
1178696640322052096	non
1135267411777773568	non
1131343061521522689	non
1173504379187544064	non
1017382951133335552	non
1045376813143412739	non
1145256898054283265	non
1163447262040731648	prof
1161286398068105217	non
1115156232908812289	non
1139152639059550208	non
1138439199110107146	non
1159156201613139968	non
1138569042950787077	non
1126398678971895808	non
1102070660124340224	non
1158153055541571584	non
981247472906326016	non
1034179689580036098	non
974568693152866305	trg
1164133224173441024	non
1110489833607229442	non
1138176383212040197	non
1143524156841091073	trg
1119957418300014593	trg
1023787767405453314	trg
1054207701834702854	non
1148524577166897153	non
1074774761148960771	non
1051077743616684033	non
1093419454086762496	non
996714945478787072	non
1086653612691021826	non
1169507332847493120	non
1166713384156499968	non
1070230408544051200	non
1120364190005379077	non
1167351309877555200	non
1115243023653384194	non
1178545033701670912	non
1099745356399763457	non
1007025191665504257	non
984729326808641537	non
1133997758715695109	non
1113888386354434049	non
1114932716716343296	non
1143135023505321985	trg
1004686388439277569	trg
1094867918314188800	non
1075086149801123840	trg
1052443287053881351	non
1083230959795879936	non
1104975937517555717	non
997928451586904065	non
1010943639571304451	non
1016737058759507969	non
1040362276589641728	non
1163370510463504384	non
1163104925003522048	non
1100844481564286981	trg
1082654891573678080	non
1070712157015367681	non
1140138245944152064	non
1148999920323571712	non
1070604064797409280	non
1165705454695124993	non
1033723765224550402	non
1101842990602043392	non
1056468843227500545	non
1112341813006872576	trg
976948282042798080	non
1178133195541356544	non
1101593623341223941	non
983267597666934784	trg
1171810730271813636	non
1145291563184074752	non
986661497861492736	non
1127910165708189697	non
1163735877975236613	non
1049217447142809600	non
1174959856324792320	non
1126124060981833728	non
978682463705878529	non
1143172947017961478	non
1002065512099086336	trg
1168133999270727684	non
1126119895983427584	non
1099001340989186048	non
1013827731287695363	trg
1175514897318330369	non
1106852547942322176	non
1105153940864331776	trg
1176502671680950273	non
1129097108894703618	non
1002559077195579392	non
980549447456313344	non
1178712872324665344	non
1006611674558816258	trg
1013020977498918912	non
1139416523989082114	non
990228125626839040	non
1014797830073077760	non
1120747205672013826	non
974524707784466432	non
1113432313101205506	non
1100112814373552128	trg
1043463399823298561	non
1099411174523891712	non
1095394801321762816	trg
1171288708118695936	non
1016261702285971457	trg
982360390419079168	non
1146514961419636736	non
1138855660236529664	non
1142800142338330624	non
1169668199060779009	trg
1159455581696143360	non
1147756415240593408	trg
1111635920992813057	non
988798427441057792	non
1054332997942603776	non
1114905740718825472	non
1061194746411016193	non
1132934265551900672	trg
1125831063295725568	non
1086757165157748738	non
1103472286236098560	prof
1011865936108941313	non
1124779995291901952	non
1136381406752530436	non
1031187618015391744	non
978586638011035648	non
1053222292568846336	non
1000979746388348928	trg
1134216856250855425	non
1071799823538503681	prof
1001900483211137024	non
987101043824693249	non
1009185145004359680	non
1053059240619794435	non
1031525372951703552	non
1168558156378755072	non
1045373142519214081	non
1149253833673125888	trg
1051884174527860736	non
1033006965906178050	non
975761993759100928	non
1154265752519794689	non
1081005513817632770	trg
1022438853444083712	prof
1018609250661228544	non
1068772108715655168	trg
981614052546838529	non
1005918692562087938	non
992980177541042177	non
1055476970618843136	non
1080799698557063168	non
1141415117436915719	non
1020983423186317312	non
1078267114782380032	non
1002328602711650304	non
1164903622058094592	non
1139447437700079616	trg
1072185161452806145	non
1172292601724178436	non
981443159661084673	non
1012110136406630400	prof
1149276122967937024	non
1078726868768116738	non
1175709414713700352	oth
1151030675744722945	trg
1099633507914133504	non
1169341403970846721	non
1073253655162310657	non
1015182787299762177	non
988866379737653249	trg
1090174132816437248	non
1097639032299884544	non
1111890335930683392	non
1012564514234077184	non
1112256655243255809	non
1142671712741449728	non
1153956382787461120	trg
1152686885610905601	trg
987234716616155136	non
1071995162254032896	oth
1113471811164024833	trg
1173079568275714050	non
1021583486073929729	non
1072851887685361664	trg
1173672316372422656	non
1078950451024936961	oth
1074281060777816065	trg
1055251891419013121	non
1056631094219563009	trg
1045371880830578694	non
1110114417755201536	non
1173374164113207296	non
1029335528691433473	non
1053064441116442624	non
1049919676728430594	non
1001896199203454976	non
1161737564149211142	non
1088867667795165184	non
1078607844629536771	non
1128243924152344576	non
1086879662624702464	non
995248659376885761	non
1167686730348138503	trg
1022047171166830592	non
1071831082679574530	non
1090227642899615744	non
1096873038115717122	non
1165191217732304897	non
1031365223679229956	trg
1051597157797646336	non
1021387823608401920	trg
1003233945373368320	non
1106562311626674176	non
1003986550433206275	non
997822674763206658	non
1176090740423897088	non
1023874974371774464	non
1122645927800524800	non
1037020413090574336	non
995632028224774145	non
1152672008158765057	non
1008574385630928896	trg
988325485158551552	non
1034646768552529921	non
1082964754627465217	non
1165663564373331969	non
1137197425238650880	non
1122173655239335937	non
1166783585321439233	non
1159792617087021056	non
1006947709931151360	non
1051563508180103174	trg
984862565057605632	non
1072063305123020803	trg
1165048167529963521	non
991286640139173888	non
1081497749592379392	non
1086233094800191488	non
1024286245738950656	non
1017460337711484928	non
1125493541587881988	non
1171989053081829376	non
992801109721919488	non
1140372643461369856	non
1111348100487106560	trg
998383539354787840	non
999418205633417217	non
991056590898974721	non
1073536680223825920	non
1093776209668947968	non
1119596721577832448	non
1077888752306003969	non
1159811942363648001	non
1155524406191493121	non
999610802020782081	non
1105910323742154752	non
1112408051548651521	non
1056641053175017478	non
990165770708668416	non
974527442172784641	trg
1136970784780574720	prof
1176037396942639105	prof
1044712563462819840	non
1169215504818610176	trg
1166007314110996491	non
985463261364703232	non
1046438264675209222	non
1159783752006078464	non
982697857630302209	non
1026492893048045569	non
1097465668117712897	trg
1132671082476048384	non
1150848998661664772	trg
1078608290228170753	non
1081205454724829184	non
1133068515274100736	non
1105592539887927297	non
1095731735390810112	non
1129522291656806401	non
992106706221043712	non
1116982720331169794	trg
1131336792794390528	non
1044619754240188416	trg
1150462483456569344	non
1093918151954391040	non
978702396388986880	non
1098512162971140096	non
1041618710585335809	non
1170253777322041344	non
1019392170304901120	non
1133396639497031680	non
1148830742576869376	non
1139662307922010114	non
1165678810160914433	non
1174060622331482113	non
1031314267520286720	prof
1159583671222964225	non
1076628474473926656	non
1059027533180604416	non
1111404279422566402	non
1095979748419948544	non
1168077501253312512	non
987740164603744262	non
1096251857515827201	non
1016665774201753601	oth
1027469825361227777	non
975127466627993600	non
1101917992307380224	non
1094362140293632001	non
1158726480324636672	non
1106480222931767296	non
1110611952177430535	non
1083097571634135041	non
1151096669901086721	non
1026355899609358336	non
1117865046493868032	non
1161079229758496772	non
1102296210529046528	non
1113519568209743872	non
1165393765269483525	non
1153571876150697989	non
1048824092365934592	non
1170401883875397632	trg
1072756085025619969	non
1176239416693727232	non
1074272376727224320	non
986263151590199296	non
1053093614765703168	non
1107669143967416320	non
1156518529115598851	non
1001968973901127680	prof
988902300956745728	non
1048545730988789760	prof
1049865376442580997	non
986663246181564416	non
1153781519841841154	trg
1020698453159170048	non
1108971805799268352	non
1161683059072282624	non
1091732824863006721	prof
1025904069326659584	non
1137081583998001153	trg
988925435546361856	non
1037340471125848064	non
1165308097323290628	non
1176150695118102530	trg
994510159580975105	non
1176071459942350848	non
1126361971492892672	trg
1004482943946051587	non
977988047240351744	non
1107169697852735488	non
1081651020839690246	non
1049683431137976322	non
982311877278494722	non
1032413370148741120	non
1081595534324969473	trg
1008393015952633857	trg
1040182139227131905	non
1147634980731981824	non
1145571420887486465	non
1121516562140291072	non
989461904321056769	non
1167714302146568193	non
1043862943547486208	non
1159964772932169731	non
1158670597947363328	non
1097539628213637121	non
1123642861923241984	non
1063168693788663815	non
1154239348180754433	trg
1036212472892588032	trg
1175515080030654465	trg
1129329079566635009	non
1056170096505315328	non
1065801057194975232	non
1077230127539539968	non
992064701172535296	non
1172049930564898816	non
1141780418422853632	non
1017684521137799168	non
976190663908839424	non
1142804153653235712	non
973569108074692608	non
1132745947681832960	trg
1163848661165629440	non
989043977340014592	non
1046387651883020289	non
1086010810260951040	non
1069475115329626113	non
1071726242540544001	non
1092681486980075520	non
1104681421791203329	non
1166677875430428672	non
1097497207144615938	non
1059199506678472704	non
1142492300926492672	non
1164020607064973313	non
1087712869150613504	non
1098499016516689922	non
1078014456540643329	trg
1163415261283835904	non
1174775360283693066	non
1074595962046304256	non
1083449680615358465	non
1172742914947993603	non
975517310256631809	prof
1159304955641159680	trg
1132224823252443136	non
1122805024336355328	non
1122261502671622144	non
1015815815717900288	non
1159555478004936705	non
1121888161997705217	non
1167142290336473093	non
1001224755188502533	prof
1174174220378673152	non
1159835846905696257	non
1123646341119393798	trg
976783961438457857	non
1175825216791957504	non
1148764010340388864	trg
1127072932575027200	trg
1112705510602665984	non
1135183507746152451	non
1170346932771930112	non
982143430250774530	trg
986297494685536256	non
1126600724790566912	non
1075014461621223424	prof
1122049440431378432	non
1135329038816415744	non
1081681702064402432	non
1146807011717406725	trg
1085537832448548864	non
985023862751494154	non
1033740734187401219	trg
1167211555739643910	non
1009931391449157632	non
1061005153170612224	non
1058761718049001473	non
1021874406912679938	trg
1058501925807755264	non
1009347206829297664	non
1085894995767410688	non
1017879806338306048	prof
1082611624979124224	non
1113535989178408971	non
1011735767222284289	non
1154692019350048768	oth
1174326017860800513	prof
1111156476482068480	non
1155955858318098438	non
1168300469384634368	non
1078247578007990273	non
1071481111388348416	non
1003327024172290049	prof
1136680866791546881	trg
1112075822540693505	trg
1157794535436685312	non
1050412685869936641	prof
1154065830830923778	non
1168261379435978753	non
1129032700524785664	non
1031603511765676035	non
1073093509140369408	trg
1176136005004537856	non
1094057343292239878	non
1130524624280838144	non
1070287362951925761	non
1111049139574448128	trg
1106758537349394432	non
1073723273723199488	non
1081827014615670784	non
1044572052387180544	non
1025587078728503297	non
1118306118361604097	non
1134710116287229953	trg
1152920520133939200	non
1120287557416312832	non
1079990683040210944	non
1148524596242583552	prof
1121047300237926403	non
1169536384543207424	non
1086973089672560640	non
1015524158007062528	prof
1138140388613656577	non
1165352278557188097	trg
1050746285068824576	non
1138716117571178498	non
994794422087843840	trg
1175775846730215425	non
1155970371486568453	non
1030829927346724866	non
1172165375997464576	non
1095315052800995330	non
980148448077991937	trg
1164786844917043200	non
1033026648864641024	trg
1078211875429601281	non
1094501722653900800	non
1126112903705300997	non
1161030835459506176	non
1056545998665904130	non
1171801087914971141	non
1158983003902791680	trg
1110292433496170496	non
992878851926749184	non
1156470938201993216	non
1004837392329650176	non
1164662871600631818	non
997226696909746176	non
1097394966731677696	non
1100082133576704001	non
1070307800079843328	non
1036693882061377537	non
990187786119598080	non
1175039853932810242	non
1017071587068178432	trg
1032241950051782658	trg
1167940938359947265	non
1047849539305136128	non
989573029582856192	non
981848261790224385	non
1157985269838229511	non
1159202400810541057	non
984738376959000576	non
991590696367800327	non
1116303374155227136	non
1088205796297584641	oth
996542438549409792	non
1165568348249346049	non
1157395662130077701	trg
1164102477605683200	non
1066014865779773440	non
1075059818803662850	oth
1115490646914105345	trg
1080799806044454913	non
1038142455739281408	non
1130511431328305152	non
1174298968865554437	non
1084569014653911041	non
1084189337410064384	non
1135585076857774082	non
1010016147314335744	non
1118546911047430145	non
1123589291874095105	non
1079708237115609088	non
1155901029550104581	non
1086337940681310209	trg
1051807227676413952	non
1143901861893824512	non
1164843719301971969	non
1116397695650926592	non
1000641804084174848	non
1095427622409043974	non
1089505913009070081	non
1125114881882112001	trg
1032407540364005378	non
1058450745375289346	trg
1075867759081414656	non
1055634967093501952	non
973614765745549312	trg
1084356778794590209	non
1053259752061497344	non
1147426175804989440	non
1112464490665267201	non
1173494364049485824	non
1126745868332232705	non
1076260299018244096	non
1075107746184392704	non
985201597461483522	non
1097568936416210944	non
1098645454169014272	non
1116077436335206400	non
1176024879344345089	non
1159204133397831680	non
1155697494346600449	non
1130269530045984770	prof
1095037710933344257	non
1011630688301404160	non
1151570839156011009	non
1103614536475652098	trg
1167191131551088640	non
1092121974095122432	non
1048546024896299008	non
1128050502854422528	non
1138163130142515203	trg
1166703279281266688	prof
1003383365989433347	trg
1120173845703548929	non
1126725768799592448	prof
1083160510793764869	non
1167986738263986176	non
1029438205723111429	non
999399037227843584	trg
981183818940977153	non
1138880104514424833	non
985237879482859520	non
981649843880906752	non
1172582457838882816	non
1052295912083607552	trg
1115897864671174659	non
1002201640525619201	oth
1106503358490308608	trg
1148225266331934720	prof
1035977292768595968	non
1008622512559796225	trg
1126424866570285056	non
1020290226684669952	non
1171593497260023808	non
1012336668311982081	non
1097950567949918210	non
1037717929490571265	non
1057871650434269184	non
1153896042334687232	non
1124557759465308160	non
1170203524132741120	non
1162318316955938816	non
1086732444492025858	non
1163778609393389569	non
1060924625222279169	prof
1111729610578976768	non
1043472577841254401	oth
1168866993719652352	non
1008323899384324096	non
1114772419300986880	non
1120022655283937293	non
1085598207948795905	non
1177095266429788162	non
1055620969065312256	non
1058689864646975488	prof
1044357624211427329	prof
1017079862778056704	non
1163512919759437826	non
1150516781242626049	trg
1122245994035412994	trg
1124052274324680713	non
973568978714071040	non
1100113713770778628	non
1120720262297681920	trg
1115924793621139456	non
1073696173423243264	non
1162729160697110528	non
1162446773715120128	non
1145803801040961537	trg
1044515253135069184	trg
1010385531388252160	trg
1015120039316545537	non
1028933945637969920	non
1005609048430010368	prof
1011891435828805632	non
1168626230066843648	non
1036659810056302592	non
987313472194142208	trg
1042472442474766336	non
1164477244766658560	non
1071004220202147840	non
993726559084101633	non
979762969507713024	trg
1146750670441242628	non
1021060416041111554	non
1168495717868068866	non
998105985611976704	non
1104978191351975937	prof
1092420539287826433	prof
1006484517044015104	non
1116600651016916992	non
1132207728758284288	non
1146472343126106112	non
990181302514184194	non
1120399588790362113	non
1046679456881037314	non
975339632866004992	non
1133251844149567488	non
1043161905374945280	non
1052581464875905024	non
1131984086267047936	non
1010643644808867846	non
985488596848308224	non
1075302466223304705	non
1166038471661817857	non
1169590214530097152	non
1122213453559676928	non
1073181641047228417	non
1075751419079204866	non
977156575260536832	non
1099695341669138432	non
1168363508913848320	non
1015342343585697792	non
1173854842953113601	non
1105220810086772738	non
1171810687649288193	non
1177602799481344000	non
1165965870289604608	non
1053805049770622976	non
1160949403651325955	non
1033742022681743366	non
1080548362661838848	non
979808785463152640	non
1073570034902011905	non
1149256762161356800	non
989744456239693825	non
1028567900108582912	non
1087353714623561730	non
1160275744620187648	non
1122178671979180032	non
998489789178540032	non
985897779284365312	non
1077486332715388928	non
1112432034952241152	non
1153655040915181568	trg
1143150929258196994	non
1161608371184779267	non
1129171892198420480	non
1081266268961939456	non
1166975184957521920	trg
1160787188877078528	non
1010212065762578432	non
1033037556865216512	non
1091970730667982849	non
1158045234242228225	non
1002913921399906305	non
1011901837497327616	non
1108010501034909696	non
1154474950536790017	prof
1006648517715165185	non
980844673014083584	non
1024938977021898752	non
1146161284783779841	non
1020766518811021314	non
1158886119381053440	non
1025828415222501376	non
1157315841874112512	non
1053222599096971264	non
1043261227705802752	trg
1163445238054211587	non
1035797640443781122	non
1034568587586035720	non
1070262657335394304	non
1008346530787545088	non
1148350959803928583	non
1020285924398305281	non
1172630625595121664	non
1111256023237619712	non
1037708248462385154	non
1049737861468233728	trg
1176099238813585408	non
1038143046880296960	non
1168485301100171265	trg
1024980372839440385	non
1030926286275981313	non
986893665217011713	non
1038452556362665984	non
1122554063097409538	prof
1168591371554496517	non
1174612811697311744	trg
1150874656066473990	non
986334770249519104	non
1116790178238976000	non
1129667796244291584	non
986977049855315968	non
1026461408672862210	non
1032555910357544960	non
1023315042123612162	non
1015155746093326336	non
1073735421123854337	trg
1151448777112338432	non
1170683087929466882	non
1107488112878460928	non
995417154521616385	non
1025701221238226945	non
1149240534835367936	non
1047164650318700547	non
1078052200709017601	non
1110596692896817157	non
1121286613525516289	non
1096447065918525440	trg
1127274603406090240	non
996368047698038791	non
1124420983824240640	non
1156435138240221184	non
1049033567383277569	non
1031200686262964226	non
1164971614972203008	non
988121954061254656	non
1163498208808636417	non
1078531320899387393	non
1030517464587816962	non
1086896895044304897	non
1094303200759463937	non
1175612670504030209	non
1132623479201837056	non
982114274641235969	non
1169540682211614721	non
1059598339061268480	non
1039958564159332355	non
1146562185017069570	non
975843417401036800	non
1163536932795813888	non
1160807380562653184	non
1019491709988851713	prof
1072219669711519746	trg
1125352986732105729	non
990609358210945024	non
1052331136259694593	trg
983312504892919808	non
1164274992789577729	trg
1178620684643311616	non
1048080128943607808	non
1111686279970910209	non
1157346257612001280	non
1022246502511595521	prof
1177204663323680771	non
992138901828653056	non
984356912736194560	trg
1017788824175497216	non
1174049330946301952	non
1112383226197303296	non
1107163572465995777	non
1173497885159243776	non
1034415796678795270	non
1011669283502460928	non
1161649276470124544	non
1164679157181235200	non
1023577371620847616	non
1035543337116356608	non
1104378877420425223	non
1077166599491276800	non
1080635733449281537	non
1048238961565548547	non
1109037772415926272	non
1007643518217740288	non
1131981052405264384	non
1160569390263390208	non
1097097200339947520	non
1040989678734860288	trg
1153642720071749637	non
1146823089394716672	non
1034532176090542080	non
1112412913942364163	non
1059924312327684098	non
1149829043275161600	non
1151570747275579398	non
1154163188943900673	non
1167867156886773760	non
1175166056089968641	trg
1052582223826829312	non
978112905806860288	non
1157936942492921856	non
1118974919210086400	non
1016686025622605824	non
1036353991054163968	non
980448039709134848	non
977103797720965120	non
1054052722532642817	trg
1144276856184758272	non
1085911378815266817	trg
1015414501242540032	prof
994315593514995712	non
1100387042687680519	non
1078929763018948608	oth
974666076578549760	non
1020049750953988096	non
1133421405595242496	non
1105348555210919936	non
1147174973821333504	non
1170284942988840960	non
1084252504928518145	non
1167173444632551429	non
1008146181745201154	non
1073116158738472960	non
995774788646981633	prof
1025373139176513537	non
985140006770659328	non
1153637594506452992	non
1163213746233368577	prof
1088606766437449730	non
1072137279509008384	non
1154176137544773633	prof
1046190935334359040	non
1018866015512481792	trg
1126241370706972674	non
1163398945441271808	non
1149293688213913601	non
1101143822380294147	trg
1166475326974779397	non
981220488914579456	non
991038319730536448	non
1146388273604046849	trg
1116606840907788288	trg
1168473378623303681	non
1150660295397974016	non
1081291081759813632	non
1077331989399769088	non
1141981677067132929	trg
1137702297071497216	non
1083151598027714560	trg
1053274321127391232	non
1082909366389489664	non
1101248872901419008	non
1029774459677417473	non
976209160181305346	non
1093413426418847744	trg
1151093153652518912	non
1111468241996656641	non
1073439142531473408	non
1100988144856506368	non
990487269126692865	non
1127379995725320192	non
1053776955743571968	trg
1155412458456174593	non
1024977464995536901	non
1086703771650908161	non
1167727005615480833	prof
1088749605372743681	non
1164513070242238466	non
1173604457592098823	non
1116736028998610944	non
1004761333357785089	non
1030867414496538624	non
992893730418929664	non
1023640204693970945	non
976729700189048832	non
1033469552099766273	non
1132791572595126273	non
1046764484709298176	non
1053049017800757248	non
980534301824552962	non
1125610691845591040	non
996399169312055296	trg
1154847954055942144	non
1035515699685457920	trg
1170320141843914752	non
1036359681470603264	non
1095106585129635840	non
987036098898677761	non
1058929008518275072	non
1074626833910517760	non
1162677630216413186	trg
1145377678830309376	non
1140682271889993729	non
1102815826078588928	prof
1145436690451959808	non
977420970993610753	non
1047934041134194689	non
992928167806595072	non
1006536362605142017	non
1129522719572287488	trg
1171121740963094529	non
976410963971895296	non
1007300639725182976	non
1009031972386213889	non
1144201685323198464	non
1142840487017164800	non
1055089327313698821	non
1074228679402762240	trg
1025471412893638657	non
1099312832368259072	non
994124927631593473	non
1059883355485937664	trg
990896881285951488	non
1168250357132222464	non
1155168839350534144	non
1158104063541686279	non
1019531008482242561	non
1072462088482775041	non
1171531851028037632	non
1089184173397590016	non
1165515403835129856	non
1024048310313779200	prof
1011274067750588416	non
1139290710891515905	non
1142209980575158272	non
1157702555033579525	non
1000116450898665474	trg
1088623046779437056	non
1132291943235563521	non
1082293592410996740	non
979743769926033408	non
984119765793984512	non
1135678860291387397	non
1103041369629691905	prof
986872596925960192	non
1138876456224919555	non
1035799873478635520	non
1162110126800678915	non
1010771007114764289	non
1091713737730461699	trg
1142852021311156224	non
1128380369680596996	non
1043719225402171392	trg
1118072278019973120	non
1162726493753094144	non
1144174436993683456	non
1053921013212332032	non
1080870846674153472	non
1112407394208960512	non
987085872783937536	non
1173688158338334720	trg
1015927048727138304	non
1068987576428781569	non
1022469362236698624	prof
1016384938084618240	non
1029608052146753538	non
1175392090827710466	non
1083826589215981569	trg
1097741637814571008	non
1174427661055250432	non
1173939220131405824	non
974797164969947136	non
1118778626575667200	non
984839457399541760	trg
1049611973716074497	non
1050868819734990853	non
1080984803619602432	prof
1109304148028211200	trg
1131997197510348800	trg
1090509562669686784	non
1177227978998202373	non
990010123996356608	non
1150432714207780865	trg
993577447538024448	non
1052110785978216448	non
1116964841695137794	non
1157981383744270336	non
1162239690885365762	non
1043548932570341376	non
1132436515617947648	non
1155504806443868160	trg
1165503374764269568	non
1166331521822855179	non
1097364835787046912	trg
986806663817592832	non
1074404500599959553	non
1174268394536914944	non
1158624224816304128	trg
1164544140740313088	prof
1083648618396110848	trg
1018888713005338624	non
1104494495587057665	non
1085207685480488961	trg
984177180988100618	prof
998581910174650368	trg
1081642337229590529	non
1147031216610316289	non
1165939254427574272	non
1112719865062797313	non
1021121089303392257	non
1030403503506837510	trg
1165748952999825408	non
1174554127940165632	non
974750456286236672	non
1116689820955361282	non
1118661985711869952	trg
1037766994416807936	trg
1026375307689906176	non
1119624911071404033	trg
1117826712283353094	non
1163180219420860416	non
1109000965053734914	non
1100288513772343296	non
1160219306019438592	non
1107887497487572992	non
1006192375222456320	non
1015361836181524481	non
1026503967738683392	non
1171763968387538944	non
1119655034260729856	non
1171191084606771201	non
1093073717410873344	trg
1099685143898456066	non
1078712263777894401	non
1053990456575606784	trg
1054793183626969088	non
1119691865199190016	trg
984870510151520256	non
1101421745247084546	non
1132654206173757440	non
1127514380566974464	non
992138377037303809	non
1017696229969530880	non
1097109307445993474	non
1158859620783415296	non
1059159316412989442	non
1072816590415126528	non
1166395167546515461	non
1057281615230091266	non
1008584744806821888	non
1163011176072192000	non
1095374832143921154	non
1046499523856617472	non
1087075294400401408	non
1173936267823915011	non
1017611264363778049	non
1169153482114379777	non
1115506545364819968	non
1159790074550259712	non
1072280755190030336	non
1077352783790125056	non
1153709346544599041	non
993785157541814272	non
1160985674767568896	non
992844962877276160	non
1116640930646372352	non
1034875696605278208	non
977782231090462721	non
995048856449683456	non
1001573816202682369	trg
1018040433014865921	non
1113919199292870657	non
988364290729050112	trg
1133924660125392896	non
997268495921569792	non
1004421345566961664	trg
1007970851340288000	non
1032293596706365440	trg
1001094622121283585	non
1134132382800535552	non
1079904048311078913	trg
1006874780363116549	trg
985386183248236544	non
1044888812323852288	non
1160525307553730562	non
1093569587839410181	non
1001635559461326850	trg
979056364537438208	non
1151566641865601030	trg
1097138174072160256	non
1143262417469825025	non
1110161515326439425	non
1018036817839476736	non
991798542766354438	non
988418104874229760	non
989952085184663552	trg
974915655832145922	non
1013571032278450176	non
1129761356809420800	trg
1129413816935243777	non
1048486317967986690	non
1033740657108705280	oth
1044793621751496704	non
1051494592024125440	non
1012019864939257857	non
999276511718006784	non
1022943049683488769	non
1035940963531874305	trg
1103976088584310784	non
1076009079389257729	non
1016506275784425473	non
1114177742373888000	non
1110622150388535296	non
1095424879640363008	non
1122379756983468032	trg
1175397935166697472	non
1090083313652510721	non
1008093329832235008	trg
987763191743766528	non
1178395107768205312	trg
1028011920195047425	non
983083066611699712	non
1177272805391523840	non
1134998117517090821	non
1017696481657217029	non
1160107182811205632	non
1087069746078601219	prof
1168155709181239297	non
979687673429413888	trg
979339341657985024	non
1122858736811499520	non
1097230159160242182	non
1170788787242356739	non
1155503108295929856	non
1059751559989551104	non
1119362204409696256	non
1071545112814125061	non
1171999894514651136	non
974630803689951232	non
1111738837888319498	non
1097436002438782977	trg
1144968291682832384	non
1097791215242747904	non
987742798957998080	non
1165648768110383104	non
1161221899663433728	non
1164133662239219712	non
1068870435171897345	non
974544356555173891	non
1163417396373336064	non
1110927040633548802	non
1011861602696683520	non
980826343817363456	non
1041788540244434944	non
1166794658514636802	non
1143270894200078350	non
1048195742643474432	non
1013870732055580673	non
1082526963229773824	trg
1008237440467955713	non
981596044420055042	non
983953469743693824	non
1079076896711868417	non
1075762342820929536	non
1001116526068535296	trg
1127884008120029185	trg
1110065458617769984	non
1175788160619618305	non
1069494216953352194	non
1005776886226616320	trg
1107730396278652928	non
1002250681351376897	non
1090321977011773442	non
1096414913440952321	non
1176963960144310272	non
996690977791397888	non
1153326856902467585	non
1113123769063784449	trg
994176479629070336	non
1164868863516905472	non
1053403082464395264	non
988418547108990976	non
1111230796185198592	non
1017651075766280192	trg
1149388656869806081	non
1164971048858726403	non
1162377157525561345	non
984310077162172416	non
987721046353526784	non
1107044850560577537	oth
1053703759258402817	non
994638065829400576	non
1127540212131946496	trg
1172563688378830849	non
1051741214784016384	non
1168743386418962432	trg
1111679867404382208	non
1167226193789292550	non
1116623251696836610	non
1017046065026076673	non
1003073288350982145	non
1117454504847400967	trg
1110268827617685507	trg
1051116018976870400	non
1083219117908332545	non
1010806642546544640	non
1044565779969179649	non
1016705070954672128	non
1176756335754584065	trg
1011161324125130753	trg
1167794192908730368	non
1073651521806573568	non
980562207028203522	non
1128807940406824960	non
1147735980247588864	non
1130606726389149697	non
1020759877868769281	non
1096175986033524737	non
1139460921036812288	prof
1089682402136461323	trg
1103569728000409600	non
1161093041308012545	non
1163221442051399687	non
1130055284100149249	non
1082187469045551105	non
1115733432947093504	non
1028890560910770177	trg
1171822134265569280	non
1095348276482715649	non
1108415423018688513	non
1048086983640272896	non
1108940756759150592	non
1007997727316283393	non
1148859226577612800	non
1109458642061930496	non
1069555879756922880	non
1151191767141769218	non
1162420542496022532	non
1171033645227958273	trg
1176019263829790720	non
1111725365536403456	non
1090244958978797568	non
1049856639078154240	non
1089302273950470146	non
1054861888306040832	non
1139314357677043719	non
1090231017640730624	non
1070603977090392065	trg
988823069102936066	non
1102443709063405575	non
1148979024242401280	trg
1105219963239976963	non
1173237271799181312	non
1113168446630576128	trg
1085289646559584258	non
1032936837906669568	trg
1166447859425861632	non
1130082985473183746	non
1026613723987931136	non
1164694168914071554	non
1004357862875910146	non
979021617807482881	non
978815592873459712	non
1060650571173105665	non
1118913241630031872	oth
980200057831124992	non
998329770109755393	non
991431110302330883	non
1111227386018844672	non
990211383336763392	oth
1085600695842160642	non
1163029136031584256	non
973568964130459649	trg
996011671641575424	trg
1086672564116770819	non
1126032861063204864	non
1099612543616778240	non
1049634496214126598	non
992629932793778178	non
1150043102670929923	non
1015126134122516480	trg
1022541192507088897	non
1029458484151115776	trg
1001778300530946049	non
1148256607534555136	non
976909808661090304	non
992381300488237056	non
1156925136773271554	non
1034455418452488192	non
1156876940617428993	non
1163793753276145666	non
1156541912142290945	non
1147258920068628480	non
1152628088649461761	non
1068585247317602304	non
1076569884971188224	trg
1160452728767864832	non
980224138127298567	trg
1037654148865503232	non
993093245638004736	non
1105029688991367168	non
997098050991554560	non
1006654229723996160	non
1036333276825305088	trg
1119701755175088130	non
1042112901765582848	non
1155886253407199232	non
986090530969923584	non
1116093104384282630	oth
1156864750397120512	non
1068735024835510272	non
1084720300489691138	non
1164809521388085249	trg
1141985685496315904	non
1026586902470815744	non
1018879399628853248	non
1045295290817957888	trg
1089214806811394048	oth
1157292808128094208	non
1049317248534556674	non
1145355045678014465	non
1175478210101940227	non
1013479769076391936	non
1107977328460816390	non
1169663346100097024	trg
1161405978941763589	non
1018582585134534656	non
1073198839887261696	non
1146852758064181248	non
998310316474818561	non
1040987426909384705	non
977609165634973696	non
1071703786140377088	non
1175530598942879744	trg
974732083095572483	non
1130968948051193856	trg
997883504712175617	non
1106549649052184582	non
1035851033153560576	non
1096734608849276933	trg
